{"cameraMode":{"drawMode":0,"name":"Shaded","section":"Shading Mode"},"sceneLighting":true,"audioPlay":false,"sceneViewState":{"m_AlwaysRefresh":false,"showFog":true,"showSkybox":true,"showFlares":true,"showImageEffects":true,"showParticleSystems":true,"showVisualEffectGraphs":true,"m_FxEnabled":true},"in2DMode":false,"pivot":{"x":3.5713441371917726,"y":-0.5084795951843262,"z":-7.0478739738464359},"rotation":{"x":0.02802661806344986,"y":0.9700139760971069,"z":-0.13650815188884736,"w":0.19915889203548432},"size":13.519440650939942,"orthographic":false}